HLA_Allele	Supertype
HLA-A3201	A01
HLA-B4402	B44
HLA-B4403	B44
HLA-B5701	B58
HLA-B5801	B58
HLA-B5802	B58
HLA-B0702	B07
HLA-B4201	B07
HLA-A0101	A01
HLA-A2902	A01 A24
HLA-A3002	A01
HLA-A0301	A03
HLA-A0302	A03
HLA-A1101	A03
HLA-A6801	A03
HLA-A2501	A01
HLA-A2601	A01
HLA-B3501	B07
HLA-B1801	B44
HLA-B4001	B44
HLA-A0201	A02
HLA-A0202	A02
HLA-A0206	A02
HLA-A0211	A02
HLA-A6802	A02
HLA-B0801	B08
HLA-B1501	B62
HLA-B1503	B27
HLA-B3503	B07
HLA-B1402	B27
HLA-B3801	B27
HLA-B5101	B07
HLA-B5301	B07
HLA-B4002	B44
HLA-A3101	A03
HLA-A7401	A03
HLA-A3001	A01 A03
HLA-A2301	A24
HLA-A2402	A24
HLA-B5201	B62
HLA-A3303	A03
HLA-B2705	B27
HLA-B4006	B44
HLA-B4501	B44
HLA-B5001	B44
HLA-C0202	C02
HLA-C0210	C02
HLA-C0302	C03
HLA-C1202	C12
HLA-C0501	C05
HLA-C0102	C01
HLA-C0303	C03
HLA-C0304	C03
HLA-C0401	C04
HLA-C0701	C07
HLA-C0702	C07
HLA-C0801	C08
HLA-C0802	C08
HLA-C1203	C12
HLA-C1402	C14
HLA-C1601	C16
HLA-C1701	C17
HLA-C0602	C06
HLA-C1502	C15
